"block number","total gas used","total proving time","gas proven per ms"
21733141,30053829,200100,150
21733118,25192682,169900,148
21733153,17204817,120200,143
21733163,26916400,192500,139
21733292,22350685,162500,137
21733195,24289950,177900,136
21733501,19670024,146400,134
21733513,22358142,166000,134
21733151,17511600,132900,131
21733233,25191838,197700,127
21733156,25951594,205000,126
21733383,29354769,235700,124
21733234,16691623,135200,123
21733265,29995283,245800,122
21733136,17681175,145900,121
21733147,18304944,151900,120
21733466,10587077,88700,119
21733582,29987695,253900,118
21733225,22515451,191100,117
21733504,8755294,74700,117
21733491,15861116,135700,116
21733271,22306283,193800,115
21733646,23498940,202800,115
21733647,12721594,110600,115
21733096,24221697,210900,114
21733212,19830392,172800,114
21733463,20985331,184000,114
21733655,29108696,253300,114
21733183,21162576,185900,113
21733487,19935750,175700,113
21733110,14078276,125400,112
21733395,30094808,266400,112
21733429,17937469,159900,112
21733411,13828826,123500,111
21733469,16924324,152100,111
21733709,17394307,156100,111
21733359,19781696,179300,110
21733432,19683295,178600,110
21733721,19405768,175600,110
21733299,19863759,181300,109
21733396,20526673,187500,109
21733656,27315294,249400,109
21733414,9659808,89300,108
21733439,18000290,166600,108
21733442,27326457,252100,108
21733534,14935493,137100,108
21733731,12166397,112000,108
21733419,20006142,186900,107
21733481,14894289,138700,107
21733607,29393148,274300,107
21733702,13169168,122500,107
21733737,19494345,181800,107
21733120,10158950,95200,106
21733177,9593404,90400,106
21733180,21228858,198700,106
21733201,21470832,201600,106
21733445,18961413,177600,106
21733528,20058952,187800,106
21733694,26288437,246400,106
21733698,29419514,275100,106
21733755,29997597,282100,106
21733102,12169474,115200,105
21733135,18246366,173600,105
21733168,22726787,214700,105
21733276,24208449,229000,105
21733289,15729139,149300,105
21733348,8230055,78100,105
21733406,22903650,218000,105
21733668,28082647,267300,105
21733672,17226694,163400,105
21733256,29994051,287300,104
21733312,12062487,115600,104
21733368,16261568,155200,104
21733472,16768516,159900,104
21733478,25376475,242700,104
21733496,20126655,193500,104
21733507,24000197,229700,104
21733510,15344288,146200,104
21733531,20062441,192900,104
21733546,16704610,159500,104
21733640,24759680,237100,104
21733727,19808226,189600,104
21733736,14044032,133900,104
21733743,20669185,198300,104
21733178,22302086,215000,103
21733324,12860444,123800,103
21733339,18324005,176500,103
21733344,19102876,184800,103
21733345,19136992,185700,103
21733415,25032813,242100,103
21733421,15635159,150600,103
21733455,15985320,154200,103
21733460,13907263,135000,103
21733525,15245830,146800,103
21733566,18400022,177900,103
21733567,16627933,161400,103
21733612,23210462,223800,103
21733615,13843668,133600,103
21733621,10886901,104900,103
21733629,28989035,279800,103
21733630,26305515,254700,103
21733657,15447243,149700,103
21733224,29483390,289000,102
21733280,16100493,157800,102
21733363,16284192,158300,102
21733484,22354753,217200,102
21733490,16973239,165900,102
21733515,16170937,158400,102
21733516,14394860,139800,102
21733548,24275222,237300,102
21733576,15866055,155100,102
21733589,20372487,199000,102
21733618,12097634,118500,102
21733619,18422001,180200,102
21733680,9859989,95900,102
21733742,25822603,252600,102
21733290,15350013,150600,101
21733297,15441397,151400,101
21733331,14713246,145000,101
21733364,14854896,146300,101
21733390,12589921,124500,101
21733433,24463626,241900,101
21733443,18185056,178500,101
21733473,18137264,179300,101
21733489,15480947,152900,101
21733502,17087806,168900,101
21733537,24259875,238700,101
21733601,30141107,298000,101
21733682,21273749,208700,101
21733717,19425285,190800,101
21733185,24253036,240400,100
21733253,12661714,126100,100
21733286,13374408,133600,100
21733303,29983874,298000,100
21733315,29996067,298700,100
21733325,20489238,203400,100
21733374,20643158,205500,100
21733403,11511183,114400,100
21733430,22166950,220400,100
21733468,15484332,154400,100
21733470,14282685,141900,100
21733530,8849568,87800,100
21733533,30028162,300000,100
21733539,27128252,270700,100
21733592,7971521,79500,100
21733609,13529129,135000,100
21733695,13480474,133700,100
21733712,17978335,178300,100
21733723,18706861,186500,100
21733285,18590787,187300,99
21733361,17763683,178300,99
21733408,19885376,200000,99
21733435,17894822,180700,99
21733452,11128309,112300,99
21733493,27958056,282000,99
21733509,13309651,134200,99
21733514,12805190,129300,99
21733522,16274758,164200,99
21733524,11956272,119900,99
21733536,5771304,58000,99
21733564,12623663,126400,99
21733572,18687954,188400,99
21733624,29005044,291000,99
21733652,14278879,142800,99
21733659,14003867,141300,99
21733715,15969766,161300,99
21733757,17350703,173900,99
21733100,15557694,158700,98
21733161,22307761,227200,98
21733179,18023735,183700,98
21733181,15008514,152200,98
21733205,10275339,104300,98
21733279,23756164,242300,98
21733309,18306399,185100,98
21733310,15225329,154300,98
21733313,29992490,306000,98
21733337,30038807,306000,98
21733379,11196878,114200,98
21733389,16764653,170900,98
21733422,12998739,131700,98
21733446,18191915,184200,98
21733453,21892022,222400,98
21733467,21317996,216300,98
21733498,12588888,127200,98
21733549,15448779,157400,98
21733575,17748331,180700,98
21733584,14670856,148600,98
21733600,8740421,88400,98
21733643,21350238,217700,98
21733704,9006410,91500,98
21733169,14269222,146000,97
21733204,27164025,279300,97
21733239,14753652,151200,97
21733293,12645631,129800,97
21733296,11161855,114400,97
21733322,21604600,222600,97
21733330,14594652,149200,97
21733336,5180628,53200,97
21733402,14517186,148400,97
21733404,19999160,204100,97
21733412,26203050,267900,97
21733437,16615118,170400,97
21733450,16428721,169300,97
21733480,15219172,156800,97
21733508,14651526,149600,97
21733569,15336697,158000,97
21733583,15384200,158000,97
21733586,15419914,157900,97
21733632,24823957,255500,97
21733678,23435643,239400,97
21733738,17248275,177300,97
21733753,18018190,184800,97
21733759,19942679,203700,97
21733099,16693088,173000,96
21733105,11342737,117000,96
21733117,15980415,165300,96
21733130,10215874,105700,96
21733131,19891555,205700,96
21733150,11902611,123800,96
21733154,13024133,134900,96
21733157,14342765,148000,96
21733166,19842443,206000,96
21733190,15300535,158700,96
21733193,15523474,160500,96
21733206,15903075,164500,96
21733221,11911144,123500,96
21733240,12465726,129000,96
21733349,22353325,231400,96
21733370,16324092,169400,96
21733376,10049066,104100,96
21733438,8126577,84300,96
21733440,12808060,133300,96
21733458,14585609,150400,96
21733465,13182102,136000,96
21733495,21987272,228100,96
21733505,21744288,224500,96
21733519,15655155,162000,96
21733535,11450529,118400,96
21733556,12954740,134000,96
21733557,16534433,171000,96
21733558,6876814,70900,96
21733563,25677632,265600,96
21733573,14106108,146100,96
21733587,13007903,134300,96
21733593,18721364,193900,96
21733637,11612000,120700,96
21733662,13872371,143400,96
21733720,11314967,117000,96
21733735,12866521,133600,96
21733740,17803155,183700,96
21733747,15026914,155000,96
21733128,12982255,135900,95
21733142,12191813,128200,95
21733160,13216064,138300,95
21733172,16275134,169600,95
21733182,15843248,165700,95
21733238,10836012,113700,95
21733258,9761063,102200,95
21733263,17542027,183800,95
21733304,26088934,274100,95
21733316,22975899,239600,95
21733317,17477909,182700,95
21733318,15847825,165900,95
21733326,10089743,105200,95
21733334,21580572,226500,95
21733418,10726977,112100,95
21733477,6912639,72200,95
21733497,12082611,126500,95
21733503,13181218,138200,95
21733521,16017725,168500,95
21733540,16127283,168200,95
21733555,14074626,147700,95
21733570,16032270,167400,95
21733574,12624936,132500,95
21733579,20345657,213700,95
21733614,14243902,149900,95
21733617,12831421,133900,95
21733653,19448754,202600,95
21733690,9110923,95100,95
21733707,16669753,175100,95
21733711,17670662,185500,95
21733719,17678812,186000,95
21733734,14800077,155700,95
21733112,14266341,150500,94
21733126,16281521,172800,94
21733134,20989036,221300,94
21733140,13575448,143500,94
21733173,14537353,153200,94
21733202,8893750,93800,94
21733211,20290159,214800,94
21733247,14854636,158000,94
21733252,20161768,213100,94
21733260,10602686,112100,94
21733288,13264737,140900,94
21733301,13707373,145500,94
21733332,12957307,136400,94
21733352,10961584,115900,94
21733371,14531698,153700,94
21733382,22994832,243200,94
21733388,14756929,156600,94
21733423,16298704,173000,94
21733441,4872847,51300,94
21733461,16331159,172100,94
21733474,10405014,110200,94
21733475,12979613,137000,94
21733485,13588895,144300,94
21733492,6137279,65200,94
21733526,16008091,169100,94
21733529,14088495,149300,94
21733545,17372645,183200,94
21733578,11207501,118200,94
21733595,13090135,138400,94
21733597,16634713,175600,94
21733603,17431985,183800,94
21733636,17782606,187400,94
21733699,15555388,164600,94
21733710,12683988,134800,94
21733713,13871051,146700,94
21733724,21706336,229900,94
21733729,22858710,243100,94
21733732,15217702,161500,94
21733733,15471843,164100,94
21733744,16494153,175300,94
21733751,15670378,165300,94
21733098,13151655,140900,93
21733109,15733855,169100,93
21733111,13710246,146500,93
21733114,14729986,157100,93
21733127,13734441,146200,93
21733138,18150305,193600,93
21733144,14986335,160800,93
21733145,12220739,131100,93
21733148,9862819,105400,93
21733197,17143125,183000,93
21733214,16860467,180800,93
21733230,18884268,201900,93
21733266,15363221,163800,93
21733270,17780901,189300,93
21733295,21467341,229700,93
21733300,10673169,113700,93
21733355,11777230,126200,93
21733400,10182791,109100,93
21733401,15406095,164100,93
21733425,17862216,191100,93
21733428,7723400,82600,93
21733449,13704485,146600,93
21733482,10408697,110800,93
21733499,15583848,166900,93
21733500,9986224,106500,93
21733517,12595377,135200,93
21733560,11543404,124000,93
21733598,14507476,154500,93
21733604,17473243,186000,93
21733616,16463436,176400,93
21733622,13571912,144600,93
21733642,21014827,224200,93
21733649,15215042,163500,93
21733677,14252611,151700,93
21733703,19899892,211900,93
21733714,15026615,160400,93
21733106,22680925,245900,92
21733158,11015962,119500,92
21733176,14155761,153300,92
21733208,21046112,226400,92
21733227,11994623,130100,92
21733274,12575672,136100,92
21733333,14503175,156800,92
21733360,8247246,88700,92
21733367,8725131,94300,92
21733377,27400169,295000,92
21733387,15632923,168300,92
21733413,15618588,168900,92
21733420,11071213,120300,92
21733424,15670216,170100,92
21733434,11829311,127800,92
21733451,12960419,139500,92
21733483,11312535,122400,92
21733488,11052921,118900,92
21733554,19884989,214800,92
21733591,17902495,194400,92
21733602,20147230,218000,92
21733610,11221086,121400,92
21733627,26871026,290200,92
21733648,16463012,178700,92
21733650,9009529,97600,92
21733651,20768323,224000,92
21733670,7454613,80800,92
21733692,16178216,175400,92
21733700,10510660,113400,92
21733706,13684929,148700,92
21733716,12280950,132200,92
21733730,14412888,156000,92
21733091,13599413,148200,91
21733093,14786176,161200,91
21733097,11340662,123800,91
21733116,19314085,210800,91
21733125,13346687,146300,91
21733129,11886222,129800,91
21733133,19075150,208300,91
21733139,9201077,100200,91
21733146,13585797,148400,91
21733165,6304098,68700,91
21733187,18536798,201800,91
21733207,6999754,76900,91
21733210,8642804,94500,91
21733217,14934157,162700,91
21733241,15076363,164500,91
21733244,18820610,206600,91
21733246,14037480,153900,91
21733255,3753916,41000,91
21733259,18584569,202900,91
21733264,6401556,69900,91
21733268,19669177,214800,91
21733283,17433657,190400,91
21733306,13769919,150200,91
21733323,14199348,154800,91
21733329,22083012,240900,91
21733351,14204507,155200,91
21733369,12366302,135100,91
21733373,16960442,184600,91
21733397,15309576,167500,91
21733417,21661663,236000,91
21733427,11183773,122200,91
21733454,14342513,157300,91
21733479,16042761,176200,91
21733512,9668984,106100,91
21733518,13276946,145100,91
21733520,10289760,111900,91
21733523,16995582,186400,91
21733541,7645707,84000,91
21733551,10004344,109300,91
21733562,5408689,59300,91
21733585,9448322,102700,91
21733613,14690425,160200,91
21733623,6817522,74600,91
21733639,16368757,179000,91
21733645,14079223,153100,91
21733654,13540985,148200,91
21733671,24393526,266900,91
21733673,13206415,144500,91
21733683,13658267,149000,91
21733691,25599926,279900,91
21733705,24569525,267100,91
21733746,12762560,140000,91
21733756,16921807,185300,91
21733092,12821341,141200,90
21733104,11140224,122800,90
21733132,9464207,104100,90
21733155,14361168,158600,90
21733192,10514788,116700,90
21733200,10237599,112700,90
21733219,14332805,157700,90
21733226,12844332,141700,90
21733245,16184146,177900,90
21733254,13748242,152100,90
21733262,11164859,123600,90
21733281,15854139,175200,90
21733294,9803111,108400,90
21733319,5995368,66200,90
21733384,11368536,125400,90
21733391,12326605,136300,90
21733431,9112199,100500,90
21733471,9463864,104700,90
21733486,13741156,152200,90
21733494,11698474,129300,90
21733527,9903976,109700,90
21733550,12114728,133600,90
21733581,24887751,275400,90
21733611,7898484,87400,90
21733625,5369988,59300,90
21733626,20100992,220900,90
21733718,13484482,148700,90
21733725,9871495,109400,90
21733119,14592018,162600,89
21733121,15696246,175700,89
21733184,12883679,143700,89
21733196,7684176,85900,89
21733198,9380190,104400,89
21733257,14920811,166800,89
21733272,12125711,135400,89
21733305,11322994,126000,89
21733335,11485225,127900,89
21733357,12978562,144500,89
21733358,11540338,128500,89
21733372,18851157,211200,89
21733381,11346253,127000,89
21733393,17546853,195800,89
21733410,18976558,211300,89
21733506,7582742,84400,89
21733538,18910859,210300,89
21733544,13303120,147900,89
21733552,17601534,196600,89
21733565,6710369,75300,89
21733633,8558274,95200,89
21733644,15316117,171200,89
21733664,14877857,165600,89
21733667,19799633,221200,89
21733696,12443440,139700,89
21733708,11226372,124900,89
21733739,6487810,72100,89
21733107,15787378,178800,88
21733115,8531233,96400,88
21733191,10671223,120800,88
21733209,11119146,125600,88
21733231,16495017,186200,88
21733251,8461168,95500,88
21733291,18157396,205000,88
21733308,16006711,180600,88
21733338,13109338,148000,88
21733340,12105052,137300,88
21733341,13691356,155000,88
21733350,9532394,107400,88
21733362,14669185,165000,88
21733366,19484072,219000,88
21733380,11765695,133000,88
21733399,12989890,146300,88
21733405,7445448,83800,88
21733459,12972750,146400,88
21733464,11394424,128200,88
21733542,19641839,221900,88
21733543,10973793,124500,88
21733547,7147945,80700,88
21733553,11412396,129200,88
21733606,10889233,123600,88
21733635,9417423,106000,88
21733663,18153667,204400,88
21733665,10784812,121800,88
21733679,10143305,114400,88
21733090,11408100,129700,87
21733101,9039029,103600,87
21733188,14165900,162400,87
21733189,13319311,152900,87
21733220,21033289,240000,87
21733222,6601874,75200,87
21733261,17238204,196600,87
21733269,7702625,88000,87
21733278,6040947,69400,87
21733346,13609696,155100,87
21733386,12699173,145000,87
21733392,10442963,118900,87
21733577,18951108,217200,87
21733599,6123489,69600,87
21733605,9827946,112000,87
21733658,13283018,151300,87
21733741,6251158,71700,87
21733749,14030488,159500,87
21733752,6124696,69700,87
21733143,13892352,160900,86
21733186,12986579,150700,86
21733216,11051177,128500,86
21733223,17310012,201000,86
21733235,10724637,123900,86
21733243,9566519,110700,86
21733248,17385425,201800,86
21733302,2090186,24200,86
21733436,9588254,111000,86
21733561,14332904,165300,86
21733608,9602488,110400,86
21733641,6091102,70500,86
21733726,10176132,118100,86
21733745,9105747,105100,86
21733094,12912842,150300,85
21733095,15262728,178100,85
21733103,19661165,230700,85
21733242,16787576,196400,85
21733307,9131522,107200,85
21733311,3939151,46100,85
21733407,5296678,61800,85
21733409,6262655,73400,85
21733416,7650792,89000,85
21733511,15613306,182600,85
21733571,14750925,171700,85
21733580,4885661,57400,85
21733660,9835101,115700,85
21733728,4391972,51500,85
21733750,5052765,59300,85
21733754,18053112,212000,85
21733758,11783160,138400,85
21733089,22839499,268800,84
21733149,12456578,147000,84
21733215,13643537,161500,84
21733249,13732034,162100,84
21733314,2974738,35200,84
21733343,21236200,251300,84
21733353,17790048,209700,84
21733375,11647073,138300,84
21733426,9559253,112800,84
21733457,10682548,126400,84
21733588,3950005,47000,84
21733590,13304715,157500,84
21733594,15168084,179400,84
21733634,9657924,113700,84
21733674,13883257,164100,84
21733688,7356572,86800,84
21733693,3722413,43800,84
21733174,10303183,122700,83
21733273,15545601,186600,83
21733287,13855267,166300,83
21733347,16599813,199200,83
21733456,13069645,157100,83
21733628,8713398,103800,83
21733666,11124544,133700,83
21733722,13707191,164100,83
21733124,14806018,178800,82
21733203,5187251,62700,82
21733218,13619080,164800,82
21733237,13104952,158000,82
21733137,9068449,110700,81
21733398,14096420,173500,81
21733681,11399487,140100,81
21733167,4058420,50600,80
21733171,14156576,175700,80
21733194,19731029,244500,80
21733229,6909538,85500,80
21733298,10158181,125600,80
21733320,16989004,210700,80
21733385,15778000,195300,80
21733476,19766295,245400,80
21733631,3425444,42800,80
21733661,14310781,177400,80
21733669,4300163,53400,80
21733365,13200409,166700,79
21733462,10665723,134200,79
21733620,12779392,160800,79
21733685,10245817,128400,79
21733689,4151151,52000,79
21733108,11935626,151700,78
21733162,11400704,145200,78
21733175,13536850,171600,78
21733236,17635968,224100,78
21733284,15382050,196000,78
21733448,19554744,248900,78
21733532,5316593,67300,78
21733686,13722399,174900,78
21733321,7946251,102600,77
21733356,17593441,226700,77
21733638,6608000,85000,77
21733687,15372867,199200,77
21733213,15330288,200800,76
21733328,14955367,195300,76
21733559,21525477,282100,76
21733748,15581393,203800,76
21733122,10038963,132100,75
21733342,13403616,178000,75
21733701,3925258,52200,75
21733327,11951226,160500,74
21733354,16399080,220700,74
21733444,14411581,194600,74
21733123,20476486,280000,73
21733170,15969173,217300,73
21733596,13451734,181900,73
21733684,9756700,133400,73
21733113,12001040,165300,72
21733277,13393427,184700,72
21733378,12010511,168400,71
21733447,6969074,96900,71
21733676,19680939,273800,71
21733164,9734568,138000,70
21733159,10645026,155300,68
21733267,9528856,139900,68
21733568,15113184,225000,67
21733394,1349005,20350,66
21733675,14058469,214100,65
21733250,13951410,214900,64
21733199,15910664,250600,63
21733232,14318600,226100,63
21733282,8217012,131300,62
21733152,13482610,224500,60
21733228,15478166,283500,54
21733275,5951467,140700,42
