blockNumber,"constrained sha3","unconstrained sha3",value_difference,percentage_difference
21733256,413531,406941,6590,1.5935927415357
21733668,384604,378614,5990,1.55744610040457
21733559,413365,407619,5746,1.39005479418915
21733224,414245,408729,5516,1.33157913794976
21733123,410207,404785,5422,1.32177169087802
21733539,383971,379081,4890,1.27353367832467
21733630,366959,362162,4797,1.30723050804041
21733419,268035,263502,4533,1.69119704516201
21733412,382076,377561,4515,1.18170206974529
21733185,343223,338726,4497,1.31022687873482
21733208,326748,322494,4254,1.30192074626318
21733538,306369,302187,4182,1.36502061239877
21733755,404303,400126,4177,1.03313603905981
21733724,331404,327298,4106,1.23897116510362
21733603,265406,261338,4068,1.53274605698439
21733655,363459,359443,4016,1.10493893396504
21733334,325407,321505,3902,1.19911372527327
21733107,256775,252890,3885,1.51299776068543
21733187,292347,288483,3864,1.32171700068754
21733582,371996,368180,3816,1.02581748190841
21733705,380358,376598,3760,0.988542373237844
21733717,274836,271096,3740,1.36081153851752
21733178,305750,302062,3688,1.20621422730989
21733193,234859,231174,3685,1.56902652229636
21733643,317464,313780,3684,1.16044653882015
21733629,400068,396408,3660,0.914844476439005
21733223,294766,291132,3634,1.23284232238454
21733604,269090,265485,3605,1.33970047196105
21733627,415453,411901,3552,0.854970357657786
21733626,318499,314975,3524,1.10643989463075
21733298,188962,185448,3514,1.85963315375578
21733170,322378,318865,3513,1.08971455868577
21733366,320079,316566,3513,1.09754154443122
21733163,277357,273851,3506,1.26407482053815
21733179,266365,262904,3461,1.29934488389991
21733242,285675,282233,3442,1.20486566902949
21733662,208516,205122,3394,1.62769283891884
21733424,249524,246189,3335,1.33654478126353
21733417,337929,334601,3328,0.984822255562559
21733308,260624,257315,3309,1.26964515930996
21733719,268310,265006,3304,1.23141142708062
21733757,249898,246630,3268,1.30773355529056
21733357,209057,205804,3253,1.55603495697346
21733354,327773,324536,3237,0.987573717176216
21733285,271155,267926,3229,1.19083181206321
21733217,239067,235870,3197,1.3372820171751
21733423,249863,246676,3187,1.27549897343744
21733571,247094,243921,3173,1.28412668862862
21733589,287234,284067,3167,1.10258534853116
21733464,187840,184711,3129,1.6657793867121
21733440,195213,192109,3104,1.59005803916747
21733244,300868,297787,3081,1.02403711926825
21733586,228241,225183,3058,1.3398118655281
21733168,308939,305890,3049,0.986926221681303
21733365,251873,248831,3042,1.20775152557043
21733413,245452,242421,3031,1.23486465785571
21733411,182720,179690,3030,1.65827495621716
21733493,407263,404233,3030,0.743990983713227
21733408,283749,280730,3019,1.063968507378
21733157,214761,211757,3004,1.39876420765409
21733152,334600,331599,3001,0.896891811117753
21733266,239951,236997,2954,1.23108467978879
21733380,194547,191599,2948,1.51531506525415
21733624,416300,413361,2939,0.70598126351189
21733201,297344,294435,2909,0.978328131726216
21733219,228943,226062,2881,1.25839182678658
21733361,257863,255004,2859,1.10872827819423
21733144,233280,230423,2857,1.2247085048011
21733544,213876,211041,2835,1.32553442181451
21733329,345008,342177,2831,0.820560682650837
21733570,241605,238777,2828,1.17050557728524
21733404,293247,290437,2810,0.958236571900139
21733658,218966,216156,2810,1.28330425728195
21733518,214567,211762,2805,1.30728397190621
21733640,346308,343511,2797,0.807662543169664
21733619,258878,256084,2794,1.07927286212038
21733295,331402,328609,2793,0.842783085195623
21733554,309272,306492,2780,0.898885123774541
21733664,241866,239098,2768,1.14443534849876
21733304,391323,388578,2745,0.701466563427143
21733268,309501,306810,2691,0.869464072813981
21733663,291965,289275,2690,0.92134331169832
21733485,209116,206440,2676,1.27967252625337
21733245,260516,257845,2671,1.02527291989743
21733172,246279,243617,2662,1.08088793604002
21733121,257681,255022,2659,1.03189602648236
21733116,305964,303324,2640,0.862846609405028
21733341,222424,219785,2639,1.18647268280401
21733113,249173,246552,2621,1.0518796177756
21733635,158586,155988,2598,1.63822783852295
21733281,255387,252814,2573,1.00749059270832
21733737,261864,259296,2568,0.980661717532765
21733099,249461,246923,2538,1.01739350038683
21733519,238459,235924,2535,1.06307583274274
21733092,206668,204163,2505,1.21208895426481
21733677,219232,216743,2489,1.13532695956795
21733598,224146,221662,2484,1.10820625842085
21733636,267393,264925,2468,0.922986016836641
21733384,182425,179979,2446,1.34082499657393
21733316,345758,343313,2445,0.707141989483974
21733744,257776,255335,2441,0.946946185835764
21733429,232101,229665,2436,1.04954308684581
21733299,262528,260127,2401,0.914569112627986
21733296,171324,168930,2394,1.39735238495482
21733194,349745,347352,2393,0.68421278359948
21733581,395586,393196,2390,0.604166982653582
21733383,335895,333509,2386,0.71034102919067
21733492,100362,97977,2385,2.37639744126263
21733398,254502,252130,2372,0.932016251345765
21733228,420800,418437,2363,0.561549429657795
21733416,132351,130049,2302,1.7393143988334
21733709,225277,222988,2289,1.01608242297261
21733531,277468,275185,2283,0.822797583865527
21733505,321288,319020,2268,0.705908717412415
21733520,163361,161100,2261,1.38405127294764
21733202,139266,137008,2258,1.62135768960119
21733613,234313,232060,2253,0.961534357888807
21733639,263498,261249,2249,0.853516914739391
21733439,239534,237304,2230,0.930974308448905
21733130,156052,153856,2196,1.40722323328121
21733491,199113,196936,2177,1.09334900282754
21733671,385150,382987,2163,0.561599376866156
21733467,314814,312655,2159,0.685801775016359
21733675,318284,316125,2159,0.678325017908534
21733754,304599,302441,2158,0.708472450664644
21733401,239259,237106,2153,0.899861656196841
21733678,347544,345391,2153,0.619489906314021
21733646,294253,292123,2130,0.723866876463452
21733656,359643,357517,2126,0.591141771145275
21733150,182729,180614,2115,1.15745174548101
21733237,228392,226284,2108,0.922974535009983
21733672,238471,236369,2102,0.881448897350202
21733131,295866,293768,2098,0.709104797442085
21733249,239868,237774,2094,0.872980139076492
21733128,197332,195243,2089,1.05862201771634
21733472,230070,227981,2089,0.907984526448472
21733274,203347,201260,2087,1.02632446015924
21733306,224185,222105,2080,0.927805160916208
21733095,261087,259010,2077,0.79552026719063
21733521,242595,240527,2068,0.852449555844102
21733703,308705,306647,2058,0.666655868871576
21733454,227992,225944,2048,0.898277132530966
21733572,271234,269224,2010,0.741057537034443
21733410,303753,301746,2007,0.660734214970716
21733326,154243,152239,2004,1.29924858826657
21733395,384591,382590,2001,0.520292986575349
21733676,404004,402006,1998,0.494549558915258
21733145,192765,190772,1993,1.03390138251239
21733111,212631,210647,1984,0.933071847472852
21733502,244667,242686,1981,0.8096719214279
21733527,162361,160383,1978,1.21827286109349
21733120,142818,140848,1970,1.37937794955818
21733533,427309,425341,1968,0.460556646361298
21733499,240869,238910,1959,0.813305157575279
21733503,200109,198156,1953,0.975968097386924
21733484,312243,310301,1942,0.621951492907767
21733541,125057,123122,1935,1.54729443373822
21733642,326034,324113,1921,0.589202353128815
21733605,163177,161276,1901,1.16499261538084
21733621,155274,153373,1901,1.22428738874506
21733462,203118,201218,1900,0.935416851288414
21733371,230794,228899,1895,0.821078537570301
21733174,182184,180290,1894,1.03960830808413
21733543,180787,178893,1894,1.04764169990099
21733721,254103,252210,1893,0.744973495000059
21733349,331497,329607,1890,0.570140906252545
21733618,174803,172916,1887,1.07950092389719
21733751,237342,235461,1881,0.79252723917385
21733089,389030,387151,1879,0.482996169961186
21733528,270787,268922,1865,0.688733210973939
21733257,239268,237409,1859,0.776953040105656
21733451,203349,201523,1826,0.897963599525938
21733325,296260,294435,1825,0.616012961587795
21733450,245596,243790,1806,0.73535399599342
21733346,225378,223578,1800,0.798658254133056
21733220,350125,348328,1797,0.513245269546591
21733309,266531,264739,1792,0.672342054019983
21733593,278419,276627,1792,0.643634234732543
21733156,296572,294785,1787,0.602551825526348
21733466,131543,129772,1771,1.34632781675954
21733252,304763,303010,1753,0.575201057871198
21733195,259837,258106,1731,0.666186878697029
21733313,435260,433539,1721,0.395395855350825
21733355,187112,185396,1716,0.917097781008166
21733415,347146,345432,1714,0.49374038588951
21733425,272126,270417,1709,0.628017903471186
21733402,218377,216675,1702,0.779386107511322
21733096,304771,303086,1685,0.552874125162827
21733374,295526,293841,1685,0.570169798934781
21733622,213129,211445,1684,0.79013179811288
21733608,161123,159451,1672,1.03771652712524
21733573,210790,209144,1646,0.780871957872764
21733393,280671,279031,1640,0.584314018904696
21733442,362317,360679,1638,0.452090296618707
21733278,106204,104567,1637,1.54137320628225
21733362,237243,235610,1633,0.688323786160182
21733397,248202,246569,1633,0.657931845835247
21733406,313595,311971,1624,0.517865399639663
21733409,109371,107747,1624,1.48485430324309
21733579,304386,302767,1619,0.531890428600527
21733740,262991,261374,1617,0.614849937830572
21733597,251945,250335,1610,0.639028359364147
21733665,180019,178412,1607,0.892683550069715
21733181,220735,219131,1604,0.726663193421977
21733258,152870,151266,1604,1.0492575390855
21733514,190700,189104,1596,0.836916622968013
21733132,152331,150750,1581,1.03787147724363
21733567,232761,231180,1581,0.679237501127766
21733437,246992,245413,1579,0.639291960873227
21733591,283423,281863,1560,0.550414045437385
21733615,194691,193139,1552,0.797160628893991
21733595,201265,199719,1546,0.768141504980995
21733507,328991,327460,1531,0.46536227434793
21733165,103181,101653,1528,1.48089280003101
21733370,244998,243474,1524,0.622045894252198
21733435,270174,268652,1522,0.563340661943784
21733565,112569,111055,1514,1.34495287334879
21733342,263246,261739,1507,0.572468337600571
21733715,234152,232647,1505,0.642744883665311
21733283,272328,270824,1504,0.552275197555888
21733238,169301,167800,1501,0.886586612010561
21733666,195721,194226,1495,0.763842408326138
21733496,282485,280996,1489,0.527107634033666
21733461,249962,248476,1486,0.594490362535105
21733714,232359,230873,1486,0.639527627507435
21733322,324709,323224,1485,0.45733256546631
21733396,272995,271512,1483,0.543233392552977
21733234,197657,196175,1482,0.749783716235701
21733377,430244,428762,1482,0.344455704205056
21733489,222236,220766,1470,0.661458989542648
21733339,253987,252518,1469,0.578376058617173
21733710,196610,195142,1468,0.7466558160826
21733694,353627,352165,1462,0.413429969996635
21733190,231655,230195,1460,0.630247566424208
21733356,335867,334419,1448,0.431123033819935
21733727,271423,269977,1446,0.532747777454379
21733184,208148,206718,1430,0.687011165132502
21733233,284569,283161,1408,0.494783339014439
21733206,235247,233844,1403,0.596394427984204
21733468,223133,221730,1403,0.6287729739662
21733392,173972,172570,1402,0.805876807762169
21733448,364120,362718,1402,0.385037899593541
21733612,321975,320574,1401,0.435126950850221
21733490,240170,238771,1399,0.582504059624433
21733722,242972,241599,1373,0.565085688885962
21733400,160242,158873,1369,0.854332821607319
21733716,194003,192634,1369,0.705659190837255
21733667,317710,316346,1364,0.429322337981178
21733474,163029,161669,1360,0.834207410951426
21733151,194598,193240,1358,0.697848898755383
21733273,276531,275174,1357,0.490722559134419
21733683,216154,214797,1357,0.627793147478187
21733477,109881,108529,1352,1.23042200198396
21733476,360544,359198,1346,0.373324753705512
21733434,188034,186689,1345,0.715296169841624
21733162,214452,213109,1343,0.6262473653778
21733197,262431,261088,1343,0.511753565699174
21733426,166212,164869,1343,0.808004235554593
21733746,206155,204825,1330,0.645145642841551
21733343,361585,360271,1314,0.363400030421616
21733103,335877,334565,1312,0.390619184999271
21733348,117611,116301,1310,1.11384139238677
21733749,229980,228671,1309,0.569179928689451
21733235,186017,184711,1306,0.702086368450195
21733515,232957,231656,1301,0.558472164390853
21733459,213870,212571,1299,0.607378313929022
21733460,197409,196112,1297,0.657011585084773
21733552,284861,283566,1295,0.454607685853802
21733569,227273,225983,1290,0.567599318880817
21733430,314260,312974,1286,0.40921529943359
21733742,359823,358538,1285,0.357120028458437
21733535,171592,170309,1283,0.747703855657606
21733504,114624,113342,1282,1.11843941931882
21733333,226455,225174,1281,0.565675299728423
21733732,234056,232775,1281,0.547304918481047
21733368,223957,222686,1271,0.567519657791451
21733389,244602,243333,1269,0.518801972183384
21733510,213755,212495,1260,0.589459895674955
21733478,347903,346645,1258,0.361595042296272
21733436,162623,161372,1251,0.769263880262939
21733479,259193,257953,1240,0.478407981697037
21733182,240485,239260,1225,0.509387279871925
21733372,304604,303380,1224,0.40183319982666
21733229,128871,127648,1223,0.949011026530406
21733358,187957,186738,1219,0.648552594476396
21733711,266216,265003,1213,0.455645040117799
21733634,165880,164671,1209,0.72884012539185
21733577,320295,319088,1207,0.376840100532322
21733289,216558,215363,1195,0.551815218093998
21733495,330506,329312,1194,0.36126424331177
21733147,220434,219242,1192,0.540751426730904
21733487,254484,253293,1191,0.468005847125949
21733292,236460,235270,1190,0.503256364712848
21733294,160050,158861,1189,0.74289284598563
21733225,282013,280826,1187,0.420902582505062
21733576,230885,229698,1187,0.51410875544102
21733654,215817,214630,1187,0.550003011810932
21733141,289854,288669,1185,0.408826512658097
21733421,217546,216361,1185,0.544712382668493
21733620,237588,236403,1185,0.498762563765847
21733432,257699,256515,1184,0.459450754562493
21733149,212123,210943,1180,0.556281025631355
21733748,303987,302811,1176,0.386858648560629
21733529,216434,215259,1175,0.542890673369249
21733753,268184,267015,1169,0.435894758822301
21733335,186091,184930,1161,0.623888312707224
21733455,223439,222279,1160,0.519157353908673
21733317,266710,265560,1150,0.431179933260845
21733560,181190,180040,1150,0.634692863844583
21733463,265803,264667,1136,0.427384190547135
21733303,426257,425125,1132,0.26556748628175
21733345,266425,265305,1120,0.420380970254293
21733350,159999,158883,1116,0.697504359402246
21733261,281844,280735,1109,0.39348008117966
21733330,217736,216639,1097,0.503821141198516
21733359,258522,257429,1093,0.422788002568447
21733452,162706,161617,1089,0.669305372881148
21733735,195034,193952,1082,0.554775064860486
21733736,194590,193509,1081,0.555527005498741
21733288,205007,203937,1070,0.521933397396186
21733475,207316,206252,1064,0.513226186112022
21733112,216616,215553,1063,0.490730139971193
21733183,265769,264711,1058,0.398090070700496
21733134,316332,315284,1048,0.331297497565849
21733731,164462,163415,1047,0.636621225571865
21733580,88154,87110,1044,1.18429112689158
21733497,184286,183243,1043,0.565968114778117
21733164,206015,204973,1042,0.505788413465039
21733574,192446,191415,1031,0.535734699604045
21733382,357379,356349,1030,0.288209435920969
21733239,220141,219120,1021,0.463793659518218
21733542,321101,320093,1008,0.313919919277735
21733443,257014,256017,997,0.387916611546453
21733293,190810,189817,993,0.520412976259106
21733331,212816,211832,984,0.462371250281934
21733373,270452,269480,972,0.35939834055581
21733173,222054,221083,971,0.437281021733452
21733271,279919,278948,971,0.34688606346836
21733364,212723,211756,967,0.454581780061394
21733323,224130,223179,951,0.424307321643689
21733623,114786,113842,944,0.822399944244071
21733115,143665,142723,942,0.655692061392824
21733660,170407,169466,941,0.552207362373611
21733376,158101,157171,930,0.588231573487834
21733564,183196,182275,921,0.502740234502937
21733167,81031,80121,910,1.12302698967062
21733337,437206,436298,908,0.207682419728915
21733708,182901,181993,908,0.496443431145811
21733122,198462,197565,897,0.451975693079784
21733657,217934,217037,897,0.411592500481797
21733387,241573,240677,896,0.370902377335215
21733729,347237,346344,893,0.257173054714791
21733247,226943,226051,892,0.393050237284252
21733327,238899,238012,887,0.371286610659735
21733126,250174,249296,878,0.350955734808573
21733290,218668,217795,873,0.399235370516033
21733109,243569,242699,870,0.357188312141529
21733517,197484,196614,870,0.440542018593911
21733221,179709,178850,859,0.477994980774474
21733209,182576,181728,848,0.464464113574621
21733328,286678,285832,846,0.295104612143241
21733578,176259,175415,844,0.478840796782008
21733140,208500,207668,832,0.399040767386091
21733260,165373,164546,827,0.500081633640316
21733155,235668,234847,821,0.348371437785359
21733500,156901,156084,817,0.520710511723953
21733137,161089,160275,814,0.505310728851753
21733653,292921,292112,809,0.276183680924208
21733706,214233,213425,808,0.377159447890848
21733447,150128,149330,798,0.531546413726953
21733522,238666,237877,789,0.330587515607586
21733347,292156,291375,781,0.267322937061022
21733480,227253,226474,779,0.34278975415066
21733601,433339,432562,777,0.179305347545455
21733117,240567,239796,771,0.320492835675716
21733561,246162,245406,756,0.307114826821362
21733734,224795,224045,750,0.333637313997197
21733738,256179,255453,726,0.283395594486668
21733222,112606,111889,717,0.636733388984601
21733686,256803,256087,716,0.278812942216407
21733379,169113,168401,712,0.421020264556835
21733191,178491,177784,707,0.396098402720585
21733344,265108,264401,707,0.26668376661587
21733388,227751,227049,702,0.308231357930371
21733199,370763,370065,698,0.188260425123327
21733508,219032,218339,693,0.316392125351547
21733189,221748,221057,691,0.311614986380937
21733606,185006,184315,691,0.373501399954596
21733457,188796,188112,684,0.362295811351935
21733679,167075,166394,681,0.407601376627263
21733428,124196,123517,679,0.546716480401945
21733420,178793,178117,676,0.378090864854888
21733275,218507,217832,675,0.308914588548651
21733431,148018,147343,675,0.456025618505857
21733311,73216,72555,661,0.902808129370629
21733509,192893,192235,658,0.341121761805768
21733106,354113,353460,653,0.184404413280506
21733652,208151,207514,637,0.306027835561684
21733444,288765,288138,627,0.217131577580385
21733488,177407,176780,627,0.353424611204744
21733611,131036,130416,620,0.473152416129918
21733255,65418,64800,618,0.94469412088416
21733129,189517,188902,615,0.324509146936686
21733661,262025,261410,615,0.234710428394237
21733264,106585,105985,600,0.562930994042314
21733511,270399,269801,598,0.221154664033521
21733390,180478,179884,594,0.329125987655005
21733456,231353,230769,584,0.252428107696896
21733723,267108,266525,583,0.218263773454932
21733270,273694,273115,579,0.21155012532244
21733154,194775,194207,568,0.291618534206135
21733534,199521,198954,567,0.284180612567098
21733320,302710,302156,554,0.183013445211589
21733526,241696,241162,534,0.220938699854363
21733360,133249,132723,526,0.394749679172076
21733205,154770,154252,518,0.334690185436454
21733200,164186,163674,512,0.311841448113725
21733177,135041,134530,511,0.378403595944935
21733161,326409,325901,508,0.155632963551863
21733645,221845,221337,508,0.228988708332394
21733098,205748,205248,500,0.243015727977915
21733269,130540,130045,495,0.379194116745825
21733332,198507,198012,495,0.249361483474134
21733338,214766,214271,495,0.230483409850721
21733512,158968,158478,490,0.308238135977052
21733236,331326,330844,482,0.145476056814135
21733403,170561,170086,475,0.278492738668277
21733566,257090,256616,474,0.184371231864328
21733759,297703,297238,465,0.156195940249175
21733246,220714,220251,463,0.209773734334931
21733730,228942,228479,463,0.202234627110797
21733263,263733,263276,457,0.173281311022891
21733139,148178,147761,417,0.281418294213716
21733324,181612,181195,417,0.229610378168843
21733546,228611,228201,410,0.17934395107847
21733449,215441,215034,407,0.188914830510441
21733169,210525,210119,406,0.192851205320033
21733698,390299,389906,393,0.100692033543514
21733127,214330,213939,391,0.182428964680633
21733226,206211,205824,387,0.187671850677219
21733549,228179,227801,378,0.165659416510722
21733558,106463,106098,365,0.342842114161728
21733637,174400,174037,363,0.208142201834862
21733702,177986,177623,363,0.203948625172766
21733540,244858,244509,349,0.142531589737726
21733251,141369,141029,340,0.240505344170221
21733276,325211,324879,332,0.102087567763698
21733739,108031,107706,325,0.300839573826031
21733441,81068,80744,324,0.399664479202645
21733486,220371,220051,320,0.145209669148844
21733363,230460,230150,310,0.134513581532587
21733551,160058,159752,306,0.191180696997338
21733143,235359,235054,305,0.129589265759967
21733600,133917,133618,299,0.223272624088055
21733469,220032,219734,298,0.135434845840605
21733100,231643,231346,297,0.128214537024646
21733198,154062,153765,297,0.192779530318962
21733473,261393,261097,296,0.113239451706817
21733699,237572,237281,291,0.122489182226862
21733351,225131,224842,289,0.128369704749679
21733297,219420,219134,286,0.130343633214839
21733321,155928,155643,285,0.182776666153609
21733756,264988,264705,283,0.106797288933839
21733525,215739,215459,280,0.129786454929336
21733481,202612,202334,278,0.137208062701123
21733625,92604,92332,272,0.293723813226211
21733160,200754,200486,268,0.133496717375494
21733697,9387,9121,266,2.83370618941089
21733680,142210,141945,265,0.186344138949441
21733557,248138,247885,253,0.101959393563259
21733286,194489,194239,250,0.128541974096221
21733305,185846,185605,241,0.129677259666606
21733647,165852,165617,235,0.141692593396522
21733644,248396,248180,216,0.0869579220277299
21733501,214469,214256,213,0.0993150525250736
21733494,188832,188620,212,0.112269106931029
21733119,237209,236998,211,0.0889510937611979
21733210,140491,140289,202,0.143781452192667
21733405,125909,125709,200,0.158844880032404
21733215,235276,235083,193,0.0820313164113637
21733563,376774,376581,193,0.0512243413823672
21733259,292532,292350,182,0.0622154157493881
21733093,230659,230488,171,0.0741354120151392
21733609,197605,197444,161,0.0814756711621669
21733175,254226,254084,142,0.0558558133314453
21733530,131250,131113,137,0.104380952380952
21733158,177358,177226,132,0.0744257377733172
21733670,121330,121201,129,0.10632160224182
21733725,158567,158449,118,0.0744164927128595
21733628,151762,151654,108,0.0711640595142394
21733616,253884,253777,107,0.04214523168061
21733101,152775,152670,105,0.0687285223367698
21733588,73930,73842,88,0.119031516299202
21733352,170098,170024,74,0.043504332796388
21733617,194324,194250,74,0.0380807311500381
21733192,171449,171399,50,0.0291631913863598
21733314,56730,56696,34,0.0599330160408955
21733291,300987,300966,21,0.00697704552023842
21733553,188428,188409,19,0.0100834270915151
21733575,259275,259258,17,0.00655674476906759
21733336,82946,82930,16,0.0192896583319268
21733422,191616,191603,13,0.00678440213760855
21733669,83832,83823,9,0.0107357572287432
21733758,205420,205415,5,0.00243403758154026
21733135,248692,248691,1,0.000402103807118846
21733585,152653,152654,-1,-0.000655080476636555
21733741,107533,107535,-2,-0.00185989417202161
21733280,227935,227957,-22,-0.00965187443788799
21733752,105203,105228,-25,-0.0237635808864766
21733524,177376,177402,-26,-0.0146581273678513
21733692,254886,254915,-29,-0.0113776354919454
21733610,177480,177518,-38,-0.0214108631958531
21733532,106438,106483,-45,-0.0422781337492249
21733171,260195,260245,-50,-0.0192163569630469
21733673,208460,208520,-60,-0.0287825002398542
21733602,312629,312692,-63,-0.0201516813859239
21733712,255025,255096,-71,-0.0278404078031566
21733301,209858,209938,-80,-0.0381210151626338
21733632,364665,364752,-87,-0.0238575130599317
21733394,35739,35827,-88,-0.246229609110496
21733216,187409,187506,-97,-0.0517584534360676
21733418,165363,165461,-98,-0.059263559562901
21733583,230565,230663,-98,-0.0425042829570837
21733148,155142,155243,-101,-0.065101648812056
21733240,187700,187805,-105,-0.0559403303143314
21733105,170770,170876,-106,-0.0620717924694033
21733427,179078,179187,-109,-0.060867331553848
21733214,261980,262101,-121,-0.0461867318115887
21733536,89787,89913,-126,-0.140332119349126
21733307,159046,159183,-137,-0.0861386014109126
21733315,425987,426130,-143,-0.0335690995265114
21733385,287127,287270,-143,-0.0498037453809638
21733695,193839,193995,-156,-0.0804791605404485
21733633,140056,140222,-166,-0.118524018963843
21733203,95096,95264,-168,-0.17666358206444
21733607,398493,398663,-170,-0.0426607242787201
21733707,251345,251518,-173,-0.0688296962342597
21733302,40910,41085,-175,-0.427768271816182
21733146,220856,221033,-177,-0.0801427174267396
21733482,162874,163060,-186,-0.114198705748002
21733353,307585,307777,-192,-0.0624217695921453
21733471,158140,158341,-201,-0.12710256734539
21733562,90642,90850,-208,-0.229474195185455
21733728,79027,79239,-212,-0.268262745643894
21733136,209422,209635,-213,-0.101708511999694
21733614,217226,217440,-214,-0.0985149107381253
21733253,185607,185826,-219,-0.117991239554543
21733386,209753,209973,-220,-0.104885269817357
21733720,172087,172325,-238,-0.138302137872123
21733153,180634,180876,-242,-0.133972563304804
21733550,193957,194217,-260,-0.134050330743412
21733687,292741,293002,-261,-0.0891573097037996
21733590,227973,228247,-274,-0.120189671583916
21733180,285747,286022,-275,-0.0962389806367171
21733587,195618,195902,-284,-0.145180913821836
21733284,288377,288662,-285,-0.0988289634748957
21733648,257901,258192,-291,-0.112833994439727
21733555,214840,215138,-298,-0.138707875628375
21733231,270913,271214,-301,-0.111105779346137
21733212,249877,250188,-311,-0.124461234927584
21733102,168031,168348,-317,-0.188655664728532
21733704,138129,138453,-324,-0.234563342962014
21733243,164547,164872,-325,-0.197511957070016
21733133,299421,299777,-356,-0.118896136209551
21733718,214759,215129,-370,-0.172286144003278
21733685,190719,191101,-382,-0.200294674363855
21733262,181597,181991,-394,-0.216963936628909
21733446,264500,264900,-400,-0.151228733459357
21733592,119094,119496,-402,-0.337548491107864
21733381,187011,187417,-406,-0.217099528904717
21733414,132559,132968,-409,-0.308541856833561
21733265,353017,353429,-412,-0.116708260508701
21733547,122148,122561,-413,-0.338114418574189
21733159,231532,231947,-415,-0.17924088246981
21733700,166572,167002,-430,-0.258146627284297
21733641,108421,108855,-434,-0.400291456452163
21733537,342805,343242,-437,-0.127477720570003
21733218,239774,240218,-444,-0.185174372534136
21733407,95345,95792,-447,-0.468823745345849
21733114,227973,228426,-453,-0.198707741706255
21733318,239051,239513,-462,-0.193264198852964
21733340,198442,198908,-466,-0.234829320405962
21733659,206944,207411,-467,-0.225664914179681
21733110,183131,183602,-471,-0.257192938388367
21733091,214673,215147,-474,-0.220800939102728
21733498,186028,186510,-482,-0.259100780527662
21733254,220177,220662,-485,-0.22027732233612
21733300,165769,166282,-513,-0.309466788120819
21733599,103553,104086,-533,-0.514712272942358
21733506,126099,126635,-536,-0.425062847445261
21733696,203138,203707,-569,-0.280105150193465
21733213,297356,297944,-588,-0.197742772972464
21733282,198413,199005,-592,-0.298367546481329
21733104,182075,182675,-600,-0.329534532472882
21733584,215140,215746,-606,-0.281677047503951
21733375,208148,208757,-609,-0.292580279416569
21733204,399558,400169,-611,-0.152918975467892
21733650,144067,144679,-612,-0.424802348907106
21733693,69542,70155,-613,-0.881481694515544
21733138,279679,280295,-616,-0.220252503763243
21733689,81672,82304,-632,-0.773827015378587
21733556,195907,196559,-652,-0.332810976636874
21733227,189919,190592,-673,-0.354361596259458
21733713,212531,213231,-700,-0.329363716351967
21733176,223938,224646,-708,-0.316158936848592
21733445,256771,257501,-730,-0.284300018304248
21733726,179721,180476,-755,-0.420095592612995
21733250,322038,322800,-762,-0.236618038864979
21733310,224463,225250,-787,-0.350614577903708
21733513,239586,240376,-790,-0.329735460335746
21733483,183695,184494,-799,-0.434960124118784
21733211,309627,310485,-858,-0.277107616583825
21733631,69968,70833,-865,-1.23627944203064
21733277,274608,275497,-889,-0.323734195653441
21733638,126519,127433,-914,-0.72242113832705
21733188,235667,236587,-920,-0.390381343166417
21733108,225913,226848,-935,-0.41387613815938
21733453,319982,320935,-953,-0.297829252895475
21733090,187326,188287,-961,-0.513009406062159
21733125,213962,214925,-963,-0.450079920733588
21733523,268035,269002,-967,-0.360773779543716
21733230,293536,294521,-985,-0.335563610596315
21733367,139019,140012,-993,-0.714290852329538
21733433,342201,343198,-997,-0.291349236267574
21733733,234598,235600,-1002,-0.427113615631847
21733186,219230,220249,-1019,-0.464808648451398
21733094,222214,223244,-1030,-0.463517150134555
21733688,128735,129808,-1073,-0.833495164485183
21733207,114382,115478,-1096,-0.958192722631183
21733118,245882,246984,-1102,-0.448182461505926
21733458,218815,219945,-1130,-0.51641797865777
21733196,128314,129505,-1191,-0.928191779540814
21733649,242115,243311,-1196,-0.493980133407678
21733097,179901,181111,-1210,-0.672592147903569
21733545,263499,264709,-1210,-0.459204778765764
21733701,81031,82271,-1240,-1.53027853537535
21733319,100789,102038,-1249,-1.23922253420512
21733743,284609,285858,-1249,-0.438847682258818
21733682,297336,298592,-1256,-0.422417736163801
21733681,204836,206093,-1257,-0.613661661036146
21733312,167895,169162,-1267,-0.754638315613925
21733690,141338,142633,-1295,-0.916243331588108
21733470,206322,207627,-1305,-0.632506470468491
21733391,196403,197715,-1312,-0.668014236035091
21733369,196109,197496,-1387,-0.707259738206814
21733684,201066,202462,-1396,-0.694299384281778
21733750,91106,92564,-1458,-1.60033367725507
21733548,339899,341367,-1468,-0.431893003509866
21733465,198207,199678,-1471,-0.74215340527832
21733241,240414,241973,-1559,-0.648464731671201
21733651,320462,322023,-1561,-0.487109236040467
21733747,225146,226751,-1605,-0.712870759418333
21733438,126826,128442,-1616,-1.27418668096447
21733516,205219,206841,-1622,-0.790375160194719
21733691,400116,401779,-1663,-0.415629467454438
21733272,198412,200145,-1733,-0.873435074491462
21733568,335226,336963,-1737,-0.51815789944694
21733287,248086,249894,-1808,-0.728779536128601
21733124,262645,264505,-1860,-0.70818024329418
21733594,264235,266105,-1870,-0.707703370106155
21733745,153624,155685,-2061,-1.34158725199188
21733248,296690,298860,-2170,-0.731403148067006
21733232,335180,337693,-2513,-0.749746404916761
21733596,272831,275436,-2605,-0.954803523060063
21733399,213854,216567,-2713,-1.2686225181666
21733267,215561,218538,-2977,-1.3810475920969
21733279,345500,348628,-3128,-0.905354558610709
21733378,255489,258805,-3316,-1.29790323653856
21733674,239781,243469,-3688,-1.53807015568373
21733166,296151,303997,-7846,-2.64932416233611
21733142,186180,206180,-20000,-10.7422924051993
